270345,1tb 2 500gb 6885 90 and aspire best cube frame i5 intel quad switching
712728,4 4600u 5 64 8gb bit ca d2500 hd inspiron laptop miniprice n7110 notebook ram t540p us w wifi win
524337,128gb 2 320gb 4900mq 4gb 64 6gb amazon bit black com core i3 laptop thinkpad x230
966706,2014 53sslkk1m android cf core ddr3 ghz in intel ion multifunction office on pro ram win wintouch
925823,1 15 1920x1080 2 2ghz 4 6 86 886227298273 amazon com computer d2500 duo e5504 ebay gt hd ips laptop only pro s ssd vaio vology
704675,1866mhz 31wbl751m 500 7 ce cf computers dv7 dvd ebay gb ghz graphics hd i7 kit paypal pdw0au00601f phenom pro ram thinkpad xga
884994,11 2347 6 core envy pansonic ultrabook
180501,1 320gb 4130 500gb australia b8206 buy cheapest computers ebay hard hdd i3 intel lot mg6420 mid net portable processor product ssd thenerds thinkpad windows with
532786,13 15 2 20c0001hus 3 6440b amazon com inch toughbook
287051,1 128gb 32gb 3330 4 4gb 4ghz 64 766 ash bit core2duo ebay envy gb inch s1 s7301 series targus
350,1382blk 14 15 67ghz 8gb amazon bit cheap com core ebay gobi2000 lq166aw printer ram thinkpad
156016,40 good hd4600 hdd sx222h tb win x1 x551ca
172425,11 15 20am009qus amazon com core general intel linux thinkpad topendelectronics win with
1171854,0gb 1 10 2 32 5820k 64 86ghz bit elitebook gb ghz hd i5 in new price s230u win7hp
713104,1g 2 256 320 4gb amazon celeron com drive ebay ghz great i7 intel laptop laptops mini notebook thinkcentre win x
500133,0 1 16gb 2nd 3 4 6885 8 aba accessories alibaba android c2g91us com ebay exynos f2 gb ghz intel laptops n7010 pentium product ram red ultra windows zm
426426,12 17 3 4gb 5 901 a8 alibaba amazon com core ghz maximus mini product to vology wireless
573883,2 8 amazon as com laptop
893401,16gb 33ph 4g accessories buy ibm inch intel m on pink thinkpad tmp246 touchscreen win8pro
41451,14 a13 aspire ca core gb hdd led mid miniprice pro ssd tablet touchscreen travelmate xmg
598515,13 3 amazon c2acada1m cf com intel laptop
197117,amazon com core pentium tablet thinkpad
483874,0g 5inch 8510p 8gb core g1 i5 probook ram ssd
557605,1 3 31walcx1m 4xb0f28713 7ghz 8 cf computers cortex dvdâ±rw fast i5 netbook plus refurbished t60 touch
680488,0 01e004 100 1763a2 2355 4 4200u 7 895 9s7 android4 black dominator gb graphite i3 i5 ibm ips laptop laptops multisync pscluu ram wholesale
795180,14 320 500gb 6 c2 gb hd hdd i5 intel pro product thinkpad touchscreen
999999,0 10inch 11 162991 4gb 6 9 accessories android4 athlon ativ cheap core e6540 gb gps hours i7 l laptop macbook pc win
410206,10 12 15k 5 a5170 c55d chromebook
295543,0b47325 1 19 3 349 4 5 64 8 bit blu buy dropship el81 i5 mini netbook pro w8 working
1000057,1707fp 2 20b20011us 3 3259 and board cd half intel laptops m2 phone ram thinkcentre touchscreen via windows
1139326,12 13 14 2tb 3 4g 50ghz desktop dual gb ghz in inch pc switching windows
901759,15r 3rd 512mb 6gb core dual ebay ebook hot response ssd techbuy thinkpad to webcam
696966,0ghzâ 10 15 1inch 2 240 5 500 571 adapter bit computer ebay gb ghz macbook ram signature silver us used
1008271,1 2 40 40ghz 4gb 500 64 6gb bit ebay gb good hdcp i5 intel laptop product thinkpad vology x230
164521,0 10inch 11 162991 4gb 6 9 accessories android4 athlon ativ cheap core e6540 gb gps hours i7 l laptop macbook pc win
991935,160gb 2 250 3 470 6 6gb alibaba cheap com de ebay essentio ghz gps hdd hoh ibm inch ips laptop on warranty windows xps
1213120,0 1 10 2 3gb 4 4530s 4gb 656 8 at blue cd gb hd hdd laptop opteron usb vology w webcam white
762586,0 2 6ghz aba computer dvdâ±rw gateway h2f73us pro ultimate vology windows
402143,14 aspire b5299 computer very via wifi
582380,128gb 64 8 9 alibaba battery bit com ebay en fi fullhd hdd intel laptop latitude led msi port processor tablet type xe303c12
836421,14 15 2 4g 6 6630m 8 android base buy computers dvd ebay i7 intel multi navigation on student touch
746311,1200x1200 14 17 2d49wm 3 40 8 amazon bit buy celeron cheapest com i5 laptop on pc screen w7p
1074019,1 2 excellent kav60 parts thinkcentre
557958,1 10 17 2 26 3 50ghz 8530p amazon com duo ethernet in lot os power thinkcentre vivobook z1
123819,1 160 8ghz amazon carbon com intel laptop vology
443308,1 191cyav1m 1tb 7 780 8 a9 alibaba atom buy cf com core cpu downgrade drive gb gen ghz intel laptop matte mini notebook windows
189372,2377m 3667u 4 4g 4lbs a5120 alibaba buy color com ddr3 elitebook i3 lan laptop new professional windows
975810,1 11 13 14 16 250gb 3 4 40 4gb 4n40a33712 50 5400rpm 6 64 alibaba bit black com dual gb geforce n on portable ssd t115d tablet thinkpad touchscreen vology wifi
17366,0ghz 2 2ghz 3750 4gb 5gb 7 core ebay gb mini new parts screen t9800 touch win windows
140248,1080p amazon and black bulk client com computers ddr3 desktop ebay fi gb gen ghz intel pro ram reconditioned x
869337,034 3737 amazon com
1098727,3 4gb 8880 carbon core extreme good pc tecra
984092,2469 amazon com core e6420 labour t440s
173105,128 180 2 4200u 4236 alibaba android cf com computers cover duo gb hdd laptop led memory mid probook ram ray ssd vology windows
25674,10ab0012us 2520m 2gb 4020y 500 64 66 8 8gb amazon bit com computer core downgrade drive dvdrw ebay i5 i7 popular x230
509110,128gb 2 320gb 4900mq 4gb 64 6gb amazon bit black com core i3 laptop thinkpad x230
9468,16 1tb 512gb 64 bit black computers d430 ghz hdd product refurbished switching thinkcentre thinkpad vology wifi
247053,12 14inch 5 512mb ebay for ghz kids laptop m3800 net ram t440s thinkpad
1197344,1tb 2 500gb 6885 90 and aspire best cube frame i5 intel quad switching
640296,11 2347 6 core envy pansonic ultrabook
173388,1 14 15 2k 6 7 atom chrome core dual e6410 ebay gps i3 i7 intel memory support thin
861536,3542 462 64 8ghz bit business ca ebay g gb laptop miniprice nxmfvaa006 price quality ram tablet win windows x230
75114,14 15 2 5 53328g32ikk 5720 aba buy comfyview ebay f2p32ut ghz hd inch mini oem tmp633 v webcam
1033600,2014 4 4200m 6 8 and aspire bundled charge for gaming ipm kyb screen students vology
525700,17 30fdsaaam 3230m 4gb 67ghz 8gb accessories cortex downgrade ebay edge gaming geforce gps hdd i5 inch mini msi ssd very webcam xmg
353685,16gb 2 337730 500g 7 computer core distributor dvd elt epson johannesburg lan no nq0018 portable probook ssd to
492951,0 13 13t 15 2 3 3gb 4 android4 computers i5 memory mid pcie refurbished sale sshd vaio windows
107983,15e 2gb 30934gu 320 4 628586531307 64 buy gb ghz laptop latitude notebook notebooks ordinateur portatili product ram sim ssd vology win
812521,2014 4 4200m 6 8 and aspire bundled charge for gaming ipm kyb screen students vology
501235,12 2 293698 4 5 500gb 7 china ddr3 ebay elt gb ghz inch on pro thinkpad windows with
615963,00 1 128 14 2 300 4 4gb 4x70g78061 500 790 8 9 alibaba bh91t black com computers core dvdrw ebay gb i3 new plus r4 windows with
149058,20da001gus 64 7 and android i7 inch laptop new pad pro techbuy windows
525890,15 4800 6 6000bk 8 80gb alibaba android best com ddr3 i3542 i5 mini power product ram s5381 tester vology webcam win
1099384,1 16gb 17 2620m 3 4300u 500gb 615 ca capacitive cheapest computers gb i5 i7 ibm inch intel led miniprice nvidia on p8600 shopping ssd w8 wub z3
157317,10br0001us 17 2gb 4 7 8 beema core ebay gb hot inspiron manufacturer module pc product qhd radeon ssd
738961,0 1 15 4 4g 4gb 6 7 8 a ca d830 ebay mgxd2ll mini miniprice ram sale w8
575124,0622 15 500 6 shenzhen thinkpad x131e
468636,3 39 4200u 4gb 5 500gb 6cm 8 android buy ca core ebay g1 i5 inch intel miniprice no notebook ram
460492,amazon batt blue com computers core d2500 display free gb hdd i3 i5 inch t420 touch usb white windows
706287,0 1 158595 1tb 2 4 6 7 7200rpm 750gb 8 80gb android case core e231 gb hd inspiron l netbook new pro ssd vology windows
59153,14 15 256 2746 3 4 6 alibaba aoson c2d com computer computers drive gb hd hdd i5 intel precision professional quadro ram vr2 wifi
632627,14 15 2 5 53328g32ikk 5720 6 aba buy comfyview ebay f2p32ut gb ghz hd inch mini oem tmp633 v webcam
1222466,2012 640gb alibaba black carbon cd com core dominator dvdrw dvd±rw gb hdd i7 input intel line m93p mini notebooks nvidia on phone product quad ram rw smart tablet vology webcam
223101,1 10 12 128 160gb 2 2000 8 a01us battery cd ebay ghz led tecra webcam
714655,amazon com core pentium tablet thinkpad
362407,1 13 17 2 2310m 256gb 7inch 8 8400 8gb accessories alienware amd downgrade ebay hdd home i3 i5 inch new office pro professional ram win
174010,0 1 16gb 2nd 3 4 6885 8 aba accessories alibaba android c2g91us com ebay exynos f2 gb ghz intel laptops n7010 pentium product ram red ultra windows zm
788415,1 14 15 2k 6 7 chrome core dual e6410 ebay gps i3 i7 intel memory support thin
149461,14 17 f010us fast inch tecra vology
1140693,1143slv 17 2 2740p 53 60ghz 8gb android bx760 ca catalog com comprar ebay ghz hdd i5748 laptop laptops miniprice on sales silver win windows
18404,1g 2 256 320 4gb amazon celeron com drive ebay ghz i7 intel laptop laptops notebook thinkcentre win x
1181675,15 2 3 6 60gb 6gb 6x 8470p alibaba all amazon com d630 ghz install ips multi portege premium pro tablet techbuy windows
43002,12 2 293698 4 5 500gb 7 china ddr3 ebay elt gb ghz inch on pro thinkpad windows with
174083,16 1tb 512gb 64 bit black computers d430 ghz hdd product switching thinkcentre thinkpad vology wifi
641086,11 1gb 6 652589 7827 9inch atom b21 camera ddr2 elitebook g gb hdd laptops memory notebook pc sensor
1083469,0g 5inch 8510p 8gb core g1 i5 probook ram ssd
2149,17 3 4gb amazon com core notebook nvidia pro ssd t9550 thinkpad ultrabook xt2 yoga
75903,15 2 3 6 60gb 6gb 6x 8470p alibaba all amazon com d630 ghz install ips multi portege premium pro tablet techbuy windows
26755,13 2000 6 buy i7 x240
75909,17 30fdsaaam 3230m 4gb 67ghz 8gb accessories cortex downgrade ebay edge gaming geforce gps hdd i5 inch mini msi ssd very webcam xmg
682133,1600x900 2 3220 5 base duo i3 netbook quality w530
157847,1080p 15 2 3 4 8 computers firstshop i7 laptop m6800 midnight net netbook on parts pro processor product ram tablet thinkpad uk vology with
10448,20aq 4600u 4710mq 6m ca calling core d2500 form gen i7 laptop miniprice revolve usb
788698,0ghz 28gb amazon com hdd pc pc3 port tablet thinkpad windows7 xps
1059050,40gb 569 628586531307 canada core disc dual enabled iii laptop mini one pavilion ram sata used wifi
157974,1 2 2367m 2740p 4 4gb cheap ecc ips laptop pro ricoh switching touchscreen touchsmart
764186,0gb 14 4200m 4gb addonics buy ebay graphics i7 msi pc pro psu sp3 the used wl
911686,1 2tb 64 7 8 bit bulk c6z87ut dual gaming gb i7 intel notebook probook rw tablet thinkpad us used wsxga
477566,15 4 6 8 8gb ac ainol c2acadalm cf ebay hd helix led mini monitor netbook notebooks storage super touchsmart
1116550,13 1tb 2 3 3520m 5 500 backlit buy gb i5 i7 intel led notebook or pc tablet vs windows
100754,1 160gb 64 amazon bit camera cheap com core ebay gb home inspiron memory mini moderm netbooks on pavilion pc shenzhen staples® touchscreen wifi
993739,3347 4 7 810 amazon com core cq56 ebay gaming office on pavilion pro with wty
960993,3320m 3520 3k 64 7 accessories bit helix kids laptop new processor raid tb thinkserver windows with
1223154,1 128gb 2 4 500gb 7 australia ca ca002le64408werem card com core fx gb ghz laptop latitude miniprice mygofer pro r2 ram walmart
543254,15 4800 6 6000bk 8 80gb alibaba android best com ddr3 i3542 i5 mini power product ram s5381 tester vology webcam win
59990,128 13 15 1tb 3 4 4200u 6 condition core ghz i5 lcd lts original pc product thinkpad windows
297597,034 3737 amazon com
174724,amazon aspire black com core duo laptop x200ma
961197,00 1 128 14 2 300 4 4gb 4x70g78061 500 790 8 9 alibaba bh91t black com computers core dvdrw ebay gb i3 new plus r4 windows with
1125042,14 15 2 4g 6 6630m 8 android base buy computers dvd ebay i7 intel multi navigation on student touch
985790,11 15 2 20am009qus amazon com core general intel linux thinkpad topendelectronics win with
903879,0b47325 1 19 3 349 4 5 64 8 bit blu buy dropship el81 i5 mini netbook pro w8 working
715497,3 39 4200u 4gb 5 500gb 6cm 8 android buy ca core ebay g1 i5 inch intel miniprice no notebook ram
43771,14 15 3317u 4gb 5200 750 a6 aba accessories cheap d4q96us ghz intel top
903959,10z 16gb 3351 4 4600m 512mb 80gb ca d2500 ebay gb in intel market miniprice office ram tablet wifi xeon
895801,1047cl 2 2012 3gb 64 7 amazon and bit com computers e6510 g1 i7 laptop led mini pad thinkpad warranty wi xp
240452,1 2tb 64 7 8 bit bulk c6z87ut dual gaming gb i7 intel notebook probook rw tablet thinkpad us used wsxga
715604,1428dx 2 4600u amazon bt com dominator notebook printer with
510820,0ghz 10 3 3320m 3ghz 59y5709 amazon cheap com gt72 laptops office2010
1092459,0 16gb 1tb 2 4 4ghz android dual fx hdd intel laptop netbook nvidia ram vaio window
1133457,12 2 ca ghz hdmi i7 laptop miniprice notebook precision screen tablet vga wholesale
797595,86 core dual fujitsu i7 intel latitude nc6220 thinkpad x360
1043373,14 320 500gb 6 c2 gb hd hdd i5 intel pro product thinkpad touchscreen
486357,17 2 2740p 53 60ghz 8gb android bx760 ca catalog com comprar ebay ghz hdd laptop laptops miniprice on sales silver win windows
297942,1 128 1gb 2 2014 4 59421369 core ds01t gb k200ma print ram russian s selling ssd t440s toughbook usato wh works
240609,0ghz 2 2ghz 3750 4gb 5gb 7 core ebay gb mini new screen t9800 touch win windows
601099,14 2 240gb 3230m 4 china comparatif ebay for ghz hd inch intel latitude mini raid ram ssd t440p thinkpad used widely
347162,10 100 1000 11 15 17 3 6 8gb a6 hdd i7 inch latitude new series touch
642089,1 10 12 128 160gb 2 2000 8 a01us battery cd ebay ghz led tecra webcam
396337,13 3 3g 4 4700mq 8 a8 ca computers dvdrw helix i3 i7 intel miniprice pre pricing state ultrabook windows
1182794,0 1024 15 200 6 600 7 a8 aspire cam dv4 for ghz in inch laptop led mini optiums product ssd
371832,1 2 excellent kav60 parts thinkcentre
1141883,0 4 alibaba amazon brush but cheap cm com computer elitebook for i7 inch laptop notebook office
724150,15e 2gb 30934gu 320 4 628586531307 64 buy gb ghz laptop latitude notebook notebooks ordinateur portatili product ram sim ssd vology win
937147,196vyfxlm 2 3 4 4770 4gb 4th 50 816909107814 amazon cf china com details dvd gb i7 intel ja08 netbook product r540 t540p
1150141,2012 640gb alibaba black carbon cd com core dominator dvdrw dvd±rw gb hdd i7 input intel line m93p mini notebooks nvidia on phone product quad ram rw smart tablet vology webcam
953561,19 4180 5 a amazon com mgxc2ll u3a24e
986333,1 3 31walcx1m 4xb0f28713 7ghz 8 cf computers dvdâ±rw fast i5 netbook plus refurbished t60 touch
298211,17 2 2324 2gb 8 aba amazon com d9z58us laptop
52473,1048mb 4 4gb 8 amazon android com duo ebay gt72 inch intel pc t440p t60 x
36103,1 15 20c6005kus amazon amd c2ccehfbm ca93 cf com core hd laptop laptopnal notebook office optical screen tablet windows x230
118025,14 1tb aspire blue ca fan i5 miniprice vision
60686,1 4gb 500 90 accessories amazon cf30 com generation i5 laptop lasptop pavilion security vology xp
347435,20da001gus 64 7 and android i7 inch laptop new pad pro techbuy
1174830,001 15 20bf0031us 2gb 30 4ghz 53salz8lm 80gb 929 99 amazon atom celeron cf com led mem0z np windows
937289,14 2410m 4 4010u amazon atom client com core dual function gig graphics hhd i3 inventory laptop laptops latitude notebook on t440 tablet time
1191242,256gb 4500u 4gb 67ghz 7 8 8gb amazon boot com gb hdd i5 i7 led mid pavilion pc t300la wireless xh71t
527695,13 17 2 3 4700hq 64 8 940hrs bit i7 laptop latitude licorice os pro webcam
240984,12 17 3 4gb 5 901 a8 alibaba amazon com core ghz maximus mini product to vology wireless
691545,340 core laptop thinkpad xplore
1183075,16gb 33ph 4g accessories buy ibm inch intel m on pink thinkpad tmp246 touchscreen win8pro
830821,0 0a89475 1 2000 2x320gb 4 8 at brand core e hdd i7 m520 m83 mk5 pc pro ram ueh4002 us
437644,13 3inch celeron computer ds01t i5 k200ma lot processor t42
380309,10 12 15k 5 a5170 c55d chromebook thinkpad windows
830924,17 1763a2 3 891 9s7 a5344 amazon brand c55d com dominator on thinkpad
601560,1 2 2367m 2740p 4 4gb cheap ecc ips laptop pro ricoh switching touchscreen touchsmart
822843,1 2 2gb 3460 64 7 bit buy cf computers duo g1 laptop new win
585300,17 4 4200u 5350m 64 93u a6 android best bit e040us e5440 ebay foundation haswell i3 i5 i7 inkjet intel laptop ram thinkpad touchscreen win7 win7hp windows
732797,13 1tb 2 3 3520m 5 500 backlit buy gb i5 intel led notebook or pc tablet vs windows
708251,14e amazon com gamers inspiron led
28319,11 2 4l 6 7 c2750 computers core i ibm intel nh71 original p9a sas techbuy technology wifi win
364218,1 10 4ghz android custom pt235e silver t440s thinkpad touch
1207994,20aq 4600u 4710mq 6m ca calling core d2500 form gen i7 laptop miniprice revolve usb
3777,128gb 3740qm 4600u 7000 bit g1 gateway gb hard hd ram thinkpad
36548,14 aspire b5299 computer very via wifi
552681,1 15 1545 2010 4 65 7 buy china dual duo ebay gebraucht hdd laptop mb mid notebook notebooks on pro product ram
528131,10ab0011ca 11 13 14 3347 3inch 6 80gb a alibaba com d630 ebay gb hdd helix new notebook pc tablet thinkpad
904995,0 13t 15 2 3gb 4 android4 computers i5 memory mid pcie refurbished sale sshd vaio windows
814903,1 10 17 2 26 3 50ghz 8530p amazon com duo ethernet in lot os power thinkcentre vivobook z1
1158983,128gb 64 8 9 alibaba battery bit com ebay fi fullhd hdd intel laptop latitude led msi port processor tablet type xe303c12
544600,00 2 53 5400rpm 750gb aba amazon black cheapest com e6410 fhd overstock sn731up solid ssd tablets webcam windows
1150811,15 256gb 3520m 4gb 6 64 8gb best bit core customized dvdrw hdd phone product quality ssd touch windows
937824,14 256gb 3230m carbon i5 inspiron laptop probook ram
495458,17 7 amazon built com dv6700 satellite
1142674,1 13 17 2 2310m 256gb 7inch 8 8400 8gb accessories alienware amd downgrade ebay hdd home i3 i5 inch new office pro professional ram win
790457,0gb 14 4200m 4gb addonics buy ebay graphics i7 msi packard pc pro psu sp3 the used wl
323542,amazon batt blue com computers core d2500 display free gb hdd i3 i5 inch t420 touch usb white windows
405467,1 160 8460p 8ghz amazon carbon com intel laptop vology
872428,1 15 2 250 250gb 6 64 alibaba amazon bit buy com drive gb gtx i7 in logo pc pro steel top vology windows
299003,15 256gb 3520m 4gb 6 64 8gb best bit core customized dvdrw hdd phone product quality ssd touch windows
241665,0 2 3698 3g 4 53jjcay1m 64 amazon bit carrying cf com d2500 ebay graphite laptop screen shenzhen ssd storage tablet techbuy thinkpad touch windows year
200706,160gb 2 250 3 470 6 6gb cheap de ebay essentio ghz gps hdd hoh ibm inch ips laptop on warranty windows xps
667684,0 1tb 2 4 4ghz android dual fx hdd intel laptop netbook nvidia ram vaio window
446507,1 12 13ghz 160 1yr 2 322 5 8 840m 8gb 9 accessories duo dv7 ebay gb ghz hdd hot i3 laptop t540p to with
938030,17 1763a2 3 891 9s7 a5344 amazon brand c55d com dominator on thinkpad
1101881,15 2630qm 4800mq 7 amazon bluetooth carbon case com ebay hdd olympic up windows word xeon
684107,14 2 240gb 3230m 4 china comparatif ebay for ghz hd inch intel latitude mini raid ram ssd t440p thinkpad used widely
716877,128 180 2 4200u 4236 alibaba android cf com computers cover duo gb hdd laptop led memory mid probook ram ray ssd vology windows
405584,13 3 3g 4 4700mq 8 a8 ca computers dvdrw helix i3 i7 intel miniprice pre pricing state ultrabook windows
946260,002 128gb 14 2nd 3337u 36986eu 4gb 886389027568 amazon atom built com ds51t dt ebay en envy hdd hongkong i3 i5 in intel laptops led multitouch net or os s550ca shopping thenerds u2400 vk7aa win
872539,1080p 2 4 500gb 64 6ghz 7 8 alibaba and backlit bit business cheap chromebook com computer computers drive dvd for hd l38 laptop led m18x net pro thinkpad ultrabook windows7
1052789,0ghzâ 10 15 1inch 2 240 5 500 571 adapter bit computer ebay gb ghz macbook ram signature silver us used
389254,10051slv 1920 3g 4gb 500 7 8 college dual gb google gsm i7 i7347 laptop notebook on p4500 probook tb vology wi
127116,40 good hd4600 hdd sx222h tb win x1 x551ca
1061016,10ab0011ca 11 13 14 3347 3inch 6 80gb a alibaba com d630 ebay gb hdd helix new notebook pc tablet thinkpad
86181,1gb 2 500gb 7 amd carbon hdd i3 inch warranty
184485,12 2 ca ghz hdmi i7 laptop lithium miniprice notebook precision screen tablet vga wholesale
528550,10ab0012us 2520m 2gb 4020y 500 64 66 8 8gb amazon bit com computer core downgrade drive dvdrw ebay i5 i7 popular x230
463022,1 1545 160gb 2 3520m 5mp 7inch 90 accessories cheap chromebook dvdrw ebay hdd laptop new pro
389296,1 2 2gb 3460 64 7 bit buy cf computers duo g1 laptop new win
725185,1tb aspire blue ca fan i5 miniprice vision
938188,4 4600u 5 64 8gb bit ca d2500 hd inspiron laptop miniprice n7110 notebook ram t540p us w wifi win
356571,10 1037u 2 2014 3217u 3437u 4gb 7 ddr3 ebay gb ghz hewlett i3 link netbook nvidia packard pcg single ssd thinkpad ultrabook
37195,2 3 4 4345 469 4770 8440p 8gb accessories amazon buy com ddr3 downgrade ebay full gb hd i5 intel k1100m laptop mini multi net product sale screen tb version wholesale wince z710
995662,17 1tb 2 2560p 2ghz 4 64 best bit black business dvd gb netbook notebook pro smart ssd touch
184663,256gb 4500u 4gb 67ghz 7 8gb amazon boot com gb hdd i5 i7 led mid pavilion pc t300la wireless xh71t
1192325,1 128gb 13 3 4gb 500gb 67 alibaba and b com h helix hybrid laptop new next pavilion super w8 win windows x
496008,10051slv 1920 3g 4gb 500 7 8 college dual gb google gsm i7 i7347 laptop notebook on p4500 probook tb vology wi
496011,2 3 4 4345 469 4770 8440p 8gb accessories amazon buy com ddr3 downgrade ebay full gb hd i5 intel k1100m laptop mini multi net product sale screen tb version wholesale wince z710
61863,13 15 2 20c0001hus 3 6440b amazon com inch toughbook
307637,15 4 6 8 8gb ac ainol c2acadalm cf ebay hd helix led mini monitor netbook notebooks storage super touchsmart ultrabook
455097,14 17 f010us fast inch tecra vology
78283,0 4 alibaba amazon brush but cheap cm com computer e545 elitebook for i7 inch laptop notebook office
741837,001 15 20bf0031us 2gb 30 4ghz 53salz8lm 80gb 929 99 amazon atom celeron cf com led mem0z np windows
922086,15 3 40gb 4ghz 5250 570119 6 b21 cheap e6420 netbook products repair screen switch
217610,0gb 1 10 2 32 5820k 64 86ghz bit elitebook gb ghz hd i5 in new price s230u win7hp
561697,1 128gb 2 4 500gb 7 australia ca ca002le64408werem card com core fx gb ghz laptop latitude miniprice mygofer pro r2 ram walmart
365094,1 1920x1080 256 5312slv 64 alw17 bit buy gb hd i7 led msi no nvidia professional selling supermulti uk
176690,2377m 3667u 4 4g 4lbs a5120 alibaba buy color com ddr3 elitebook i3 lan laptop new professional windows
676415,1 2 3 39ghz 4558u 48 50 6300 64 8 880m bit buy canada ebay gb ghz i7 k1100m led mini port professional ssd vology x
160327,1 13 320gb 4gb 7 buy cb dimm ebay g50 intel kit laptop pro s500 win
21073,1800 2 2520m 30ghz 4 5537 60gb brand client e6410 hard hdd laptop notebook processor
299623,1 13 320gb 4gb 7 cb dimm ebay g50 intel kit laptop pro s500 win
103093,1 15 1920x1080 2 2ghz 4 6 86 886227298273 amazon com computer d2500 duo e5504 ebay gt hd ips laptop only pro s ssd vaio vology
750304,0 01e004 100 1763a2 2355 4 4200u 7 895 9s7 android4 black dominator gb graphite i3 i5 ibm ips laptop laptops multisync pscluu ram wholesale
914152,1 2ghz 8 a13 core laptops on ram schenker series thinkpad travelmate unbranded vology
488226,0 1 10 2 3gb 4 4530s 4gb 656 8 8gb at blue cd gb hd hdd laptop opteron usb vology w webcam white
242469,1 160gb 64 amazon bit camera cheap com ebay gb home inspiron memory mini moderm netbooks on pavilion pc shenzhen staples® touchscreen wifi
734001,120gb 13 320gb 3437 4 4300u amazon built buy com ebay in laptop pc ram
185139,16 2 370m 4570t 6 64 bit black core gb hds723030ala640 i3 laptop new of pro ram satellite tablet tower ultrabook with
430901,14 a13 aspire ca core gb hdd led mid miniprice pro ssd tablet touchscreen travelmate xmg
78707,15 2 250gb 3rd 5ghz amazon com computers manufacturer thinkpad ultrabright vology xp
619439,3347 4 7 810 amazon com core cq56 ebay gaming office on pavilion pro with wty
5068,027242960558 1 195hynx1m 2 37sy 571 64 6gb 7 8 angry bit cf cheap drive dual e5 ebay i5 i7 intel notebook processor ssd tandberg vology windows
193497,196vyfxlm 2 3 4 4770 4gb 4th 50 816909107814 amazon cf china com details dvd gb i7 intel ja08 netbook product r540 t540p
701429,1 2 40 40ghz 4gb 500 64 6gb bit ebay gb good hdcp i5 intel laptop product repair thinkpad vology x230
906236,340 core laptop pro thinkpad xplore
799764,1 2 3 39ghz 4558u 48 50 6300 64 8 880m bit buy canada ebay gb ghz i7 k1100m led mini port professional ssd vology x
406572,15 3 4ghz 5250 570119 6 b21 cheap e6420 netbook products repair screen switch
1152044,16 2 370m 4570t 6 64 bit black core gb hds723030ala640 i3 laptop new of pro ram satellite tablet tower ultrabook with
947264,027242960558 1 195hynx1m 2 37sy 571 64 6gb 7 8 angry bit cf cheap drive dual e5 ebay i5 i7 intel notebook processor ssd tandberg vology windows
259163,1 191cyav1m 1tb 7 780 8 a9 alibaba atom buy cf com core cpu downgrade drive gb gen ghz intel laptop matte mini notebook windows
152683,10 100 1000 11 15 17 3 6 8gb a6 hdd i7 inch latitude new series touch
701577,1 4gb 7 7537 aba blue cable core inspiron laptops mini nach on pc printer verbatim x240
62654,10z 16gb 3351 4 4600m 512mb 80gb ca d2500 ebay gb in intel market miniprice office ram tablet wifi xeon
464065,15 2 3rd 5ghz amazon com computers manufacturer thinkpad ultrabright vology xp
865480,1 15 20c6005kus amazon amd c2ccehfbm ca93 cf com core hd laptop laptopnal notebook office optical screen tablet windows x230
627962,011 16 18r3 2 computers core device inch laptop model of pro sw5 techbuy tinydeal upgraded
177411,0 2 6ghz aba computer dvdâ±rw gateway h2f73us pro ultimate vology windows
513302,14 256gb 3230m carbon i5 inspiron laptop probook ram
54555,17 2 2324 2gb 8 aba amazon com d9z58us e laptop
996638,13 2820qm 3 amd in inch laptop thinkpad touchsmart vology win ãcran
947551,15r 2 20cd00avus 4 500 60 ab core flexible for gb hd high hot intel laptop lease led netbook off premium ram screen small ssd win7 windows
963983,256 39 64 6cm android atom bit buy call dvd gb ghz intel power pro ram ssd ultrabase usa w w8
497047,0 1 158595 1tb 2 4 6 7 7200rpm 750gb 8 80gb android case core e231 gb hd inspiron l netbook new pro ssd vology windows
742816,1 320gb 4130 500gb australia b8206 buy cheapest computers ebay hard hdd i3 i7 intel lot mg6420 mid net portable processor product ssd thenerds thinkpad windows with
300450,1600x900 2 3220 5 base duo i3 netbook quality w530
202194,1 10 4ghz android custom pt235e silver t440s thinkpad touch
120301,128 256 4 5250 adapter alienware backlight bean cb cf core ebay gb hdd hot in incomplete laptop ram tablet thinkpad win windows âcore
103957,13 14inch 15 2 500 6 elitebook thinkpad
874006,15 250gb 326 47 64 66 bit firstshop folio gb hdd intel laptop on price windows zbook
865892,14 3g 4 500 7 8gb amazon com display gb gemei i7 in ips laptop latitude led netbook notebooks office product ram vology windows with x202e
87659,17 1tb 2 2560p 2ghz 4 64 best bit black business dvd gb netbook notebook pro smart ssd touch
1218162,2 8 amazon as com laptop
120437,1047cl 2 2012 3gb 64 7 amazon and bit com computers e6510 g1 i7 laptop led mini pad thinkpad warranty wi xp
464547,1 12 13 15 20b2000kus 24 3 4gb 6 7 8 86ghz business c6z87ut colors core downgrade hot i5 is laptop memory product w8 win
620200,10br0001us 13 17 2gb 3 4 7 8 beema core ebay gb hot inspiron manufacturer module pc product qhd radeon ssd ts140
612012,1 1545 160gb 2 3520m 5mp 7inch 90 accessories cheap chromebook dvdrw ebay hdd laptop new pro
833213,1080p 15 2 3 4 8 computers firstshop i7 laptop m6800 midnight net netbook on pro processor product ram tablet thinkpad uk vology with
480983,002 128gb 14 2nd 3337u 36986eu 4gb 886389027568 amazon atom com ds51t dt ebay en envy hdd hongkong i3 i5 intel laptops led multitouch net or os s550ca shopping thenerds u2400 vk7aa win
1021669,12 13 14 2tb 3 4g 50ghz desktop dual gb ghz in inch pc switching windows
38657,1 15 1545 2010 4 65 7 buy china dual duo ebay gebraucht hdd laptop mb mid notebook notebooks on pro product ram
562970,6885 ca miniprice pavilion s149 thinkpad
841506,1 4gb 7 7537 aba blue cable core inspiron laptops mini nach on pc printer verbatim
96055,1501 160gb 2370m 6 8 810576020896 best buy ds ebay g3220t graphics intel laptop rb repair ssd supply tablet thinkpad windows7
96065,17 7 amazon com dv6700
1120111,1 320 3540m 4 500gb 6ghz 8 best cheap china core fit ghz grade hd portable pro tablet us windows
1161110,01 03 13 2320a3f 3 500gb 7 channel cheap ddr3 drive ebay gb hard memory notebook on ram saturn wholesale windows
776117,10 11 2 3334bk 3k 40ghz 475 500gb 6 64bit gb ghz i3542 i5 inch pc probook ram vology windows xmg
677825,120gb 13 320gb 3437 4 4300u amazon australia built buy com ebay in laptop pc ram
980943,4 4200u 4510u 4gb 500gb 53sblbalm 54204g50mtkk 6 8 accessories cf g4v04utaba i5 i7 inch konica laptop m model notebook tmp255 wifi
243665,12 14inch 5 512mb ebay for ghz kids laptop m3800 net ram t440s thinkpad
710617,1 15 2 250 250gb 6 64 alibaba amazon bit buy com drive gb gtx i7 in logo pc pro steel top vology windows
71655,011 16 18r3 2 computers core device inch laptop model of pro sw5 techbuy tinydeal upgraded
79854,2 6ghz amazon college com ghz i7 notebook pro thinkpad touchscreen ultra v11h571053 win windows workstation
284669,0622 15 500 6 shenzhen thinkpad x131e
669693,1428dx 2 4600u amazon bt com dominator macbook notebook printer with
702466,13 3 amazon c2acada1m cf com intel laptop
858133,10 1037u 2 2014 3217u 3437u 4gb 7 amd ddr3 ebay gb ghz hewlett i3 link netbook nvidia packard pcg single ssd thinkpad ultrabook
669717,1 128gb 32gb 3330 4 4ghz 64 766 ash bit core2duo ebay envy gb inch s1 s7301 series targus
907287,1382blk 14 15 67ghz 8gb amazon bit cheap com core ebay gobi2000 lq166aw printer ram thinkpad
1185849,14 256 256gb 3g 640gb 8gb accessories aspire cf computer core ebay gb ghz hdd intel® laptop n2815 on p010nr pansonic price ram ssd total vology xp
661562,15 250gb 326 47 64 66 bit firstshop folio gb hdd intel laptop on price windows zbook
30783,1 10 15 22xi 500gb 7 8 alibaba buy com dvd hdmi inch led other p030nr pcie us wholesale
817262,1 2ghz 8 a13 core laptops on ram schenker series thinkpad travelmate unbranded vology
997494,1 11 13 14 16 250gb 3 4 40 4gb 4n40a33712 50 5400rpm 6 64 alibaba bit black com dual gb geforce n on portable ssd t115d tablet thinkpad touchscreen vology wifi
678058,13 2820qm 3 amd in inch laptop thinkpad touchsmart vology win ãcran
440510,1110 64 6gb alibaba android at80571pg0802ml bit black com docking gb hdd inch ram s thinkserver white
727230,1 16gb 17 2620m 3 4300u 500gb 615 ca capacitive cheapest computers gb i5 i7 ibm inch intel led miniprice notebooks nvidia on p8600 shopping ssd w8 wub z3
1185988,13 3inch celeron computer ds01t i5 k200ma lot processor t42
202957,amazon aspire black com core duo laptop x200ma
874722,15 2630qm 4800mq 7 amazon bluetooth carbon case com ebay hdd olympic up word xeon
448738,1 1920x1080 256 5312slv 64 alw17 bit buy gb hd i7 led msi no nvidia professional selling supermulti uk
96485,0ghz 10 3 3320m 3ghz 59y5709 amazon cheap com gt72 laptops office2010
284922,128 256 4 5250 adapter alienware backlight bean cb cf core ebay gb hdd hot in incomplete laptop ram tablet thinkpad win windows âcore
1112363,1080p amazon black bulk client com computers ddr3 desktop ebay fi gb gen ghz intel pro ram reconditioned x
186684,01 03 13 2320a3f 3 500gb 7 channel cheap ddr3 drive ebay gb hard memory notebook on ram saturn wholesale windows
964940,40gb 569 628586531307 core disc enabled iii laptop mini one pavilion ram sata used wifi
883020,1200x1200 14 17 2d49wm 3 40 8 amazon bit buy celeron cheapest com i5 laptop on pc screen switching w7p
1120601,14 3g 4 500 7 8gb amazon com display gb gemei i7 in ips laptop latitude led netbook notebooks office product ram vology windows with x202e
1055067,1 14 2447 86 ah21 atom d450ca gemei hd laptop led pentium x
661869,256 39 64 6cm android atom bit buy call dvd gb ghz power pro ram ssd ultrabase usa w w8
96622,15 1gb 2 6 7537 a23 amazon com gen i5 macbook notebook thinkpad u1g28e wifi x41
498066,1 12 13 15 20b2000kus 24 3 4gb 6 7 8 86ghz business c6z87ut colors core downgrade hot i5 is laptop memory product w8 win
645545,160 20as 31xflaarm 500gb a10 accessories alibaba amazon android athlon cf com hdd intel laptop lot n2500 on overstock pro product super tablet touchscreen vology webcam xfr
711083,0 2 3698 3g 4 53jjcay1m 64 amazon bit carrying cf com d2500 ebay graphite laptop screen shenzhen ssd storage tablet techbuy thinkpad touch windows year
121265,120gb 3320m 3520 3k 64 7 accessories bit helix kids laptop new processor raid tb thinkserver windows with
956854,0ghz 28gb amazon com hdd pc pc3 port tablet thinkpad windows7 xps
31195,15 4300u 4gb cheap core downgrade e6410 ebay home i5 inkjet intel laptops ordinateur ram used windows
309734,3520m 3540m amazon aoson cheap com configuration duo ebay gen in lcd plane pricing tablet us vaio x41
850410,14 15 3317u 4gb 5200 750 a6 aba accessories cheap d4q96us ghz intel top
965119,01 1 1366 16gb 2ghz 4 768 863 887942615918 accessories allwinner chip core details dual gb ghz inch intel laptop price r7 ram t5750 vology windows
997928,192tydx1m 2014 5ghz 6ghz australia cf cf2 g2 ghz hd intel mini p27k
719416,17 3 4gb amazon com core notebook pro ssd t9550 thinkpad ultrabook yoga
957029,1 14 15 3317u 4th 6 china i5 ibm notebook pc portáti
727687,2 amazon com dongle lcd pro psu thinkcentre ws
727785,1 128gb 15 17 20df0030us 2ghz 4ghz 6 64 8 bit comprar details dvdrw ghz inch laptop thinkpad very win
834317,4 4200u 4510u 4gb 500gb 53sblbalm 54204g50mtkk 6 8 accessories cf g4v04utaba i5 i7 inch konica laptop m model notebook tmp255 wifi
957221,0 0a89475 1 2000 2x320gb 4 8 at brand core e hdd i7 m520 m83 mk5 pc pro ram ueh4002 us
1129317,amazon com dongle lcd pro psu thinkcentre ws
179046,01 1 1366 16gb 2ghz 4 768 863 887942615918 accessories allwinner chip core details dual gb ghz inch intel laptop price r7 ram t5750 vology windows
88935,1 128gb 15 17 20df0030us 2ghz 4ghz 6 64 8 bit comprar details dvdrw ghz inch laptop mid thinkpad very win
1031028,128gb 3740qm 4600u 7000 bit g1 gateway gb hard hd ram
547756,1110 64 6gb alibaba android at80571pg0802ml bit black com desktop docking gb hdd inch ram s thinkserver white windows
687061,128 13 15 1tb 3 4 4200u 6 condition core ghz i5 lcd lts original pc thinkpad windows
1121241,00 2 53 5400rpm 750gb aba amazon black cheapest com e6410 fhd overstock sn731up solid ssd tablets webcam windows
89057,64 640g 80ghz alibaba android buy com dv1000 enterprise i7 latitude nec notebook notebooks pro tablet
1022957,2 320 4gb 8 accessories affichage android buy ebay gb genuine ghz intel laptop led lt1952p t60p us vista wholesale
392202,1800 2 2520m 30ghz 4 5537 60gb brand client e6410 hard hdd laptop notebook processor
138251,3 4gb 8880 carbon core extreme good pc tecra
244752,14 6885 ca miniprice pavilion s149 thinkpad
302098,11 2 4l 6 7 c2750 computers core i ibm intel nh71 original p9a sas techbuy technology wifi win
89149,3542 462 64 8ghz bit business ca ebay g gb laptop miniprice nxmfvaa006 price quality ram tablet win windows x230
56396,3520m 3540m 7 amazon aoson cheap com configuration duo ebay gen in intel lcd plane pricing tablet us vaio x41
187501,11 1gb 6 652589 7827 9inch atom b21 camera ddr2 elitebook g gb hdd laptops memory notebook pc sensor
769155,1 14 2447 86 ah21 atom d450ca gemei laptop led pentium x
1055887,1080p 2 4 500gb 64 6ghz 7 8 and backlit bit business cheap chromebook computer computers drive dvd for hd l38 laptop led m18x net pro thinkpad ultrabook windows7
482454,1 4gb 500 90 accessories amazon com generation laptop lasptop pavilion security vology xp
122043,1 12 13ghz 160 1yr 2 322 5 8 840m 8gb 9 accessories duo dv7 ebay gb ghz hdd hot i3 laptop t540p to with
490715,16gb 2 337730 7 computer core distributor dvd elt epson johannesburg lan no nq0018 portable probook ssd to
949526,15 1gb 2 6 7537 a23 amazon com gen i5 macbook notebook thinkpad u1g28e wifi x41
892226,1 320 3540m 4 500gb 6ghz 8 best cheap china core fit ghz grade hd portable pro tablet us windows
777585,14inch 15 2 500 6 elitebook thinkpad
130417,14 15 256 2746 3 4 4gb 6 alibaba aoson c2d com computer computers drive gb hd hdd i5 intel precision professional quadro ram vr2 wifi
728442,2 6ghz amazon com ghz i7 notebook pro thinkpad touchscreen ultra v11h571053 win windows workstation
793979,10 11 2 3334bk 3k 40ghz 475 500gb 6 64bit gb ghz i3542 i5 inch pc probook ram vology windows xmg
1088900,14 820 android inch inspiron laptop v10 w4 z3742g06aii
515467,13 2000 6 buy i7 x240
785848,0c19529 16 4th aspire best compaq computers ebay hybrid i5 intel mini notebook notebooks screen t430 thinkpad
1023455,1 10 15 22xi 500gb 7 8 alibaba buy com dvd hdmi inch led other p030nr pcie us wholesale
310848,1 128 1gb 2 2014 4 59421369 core ds01t gb k200ma print ram russian s selling ssd t440s toughbook usato wh works
843337,64 640g 80ghz alibaba android buy com dv1000 enterprise from i7 latitude nec notebook notebooks pro tablet w
1195612,1707fp 2 20b20011us 3 3259 and board cd half intel laptops m2 phone ram thinkcentre touchscreen via windows
482926,14 2410m 4 4010u amazon atom client com core dual function gig graphics hhd i3 inventory laptop laptops latitude notebook on t440 tablet time
1064627,1 128gb 13 3 4gb 500gb 67 alibaba and b com h helix hybrid laptop new next pavilion super w8 win windows x
130738,1501 160gb 2370m 6 8 810576020896 best buy ds ebay g3220t graphics intel laptop rb repair ssd supply tablet thinkpad windows7
982719,1 14 15 3317u 4th 6 china i5 ibm notebook pc portáti
548555,1 1768 2 320 3210m 3g 4 4th 64 amd bit buy c ca comparison cover ds01 gaming mais miniprice on os pc product ssd touch windows workstations xmg
81623,0 1 15 4 4g 4gb 6 7 8 a ca d830 ebay mgxd2ll mini miniprice ram sale w8
769802,60 8 amazon com core desktop ds71t i3 port
778023,15 4300u 4gb cheap core downgrade e6410 ebay home i5 inkjet intel laptops ordinateur ram used windows
237357,1048mb 4 4gb 8 amazon android com duo ebay gt72 inch intel mobile pc t440p t60 x
89906,0c19529 16 4th aspire best compaq computers ebay hybrid i5 i7 intel mini notebook notebooks screen t430 thinkpad
696136,17 4 4200u 5350m 64 93u a6 android best bit e040us e5440 ebay foundation haswell i3 i5 i7 inkjet intel laptop ram thinkpad touchscreen win7 win7hp windows
540493,13 17 2 3 4700hq 64 8 940hrs bit i7 laptop latitude licorice os pro webcam
229227,1 11 1768 2 320 3210m 3g 4 4th 6 64 amd bit buy c ca comparison cover ds01 gaming mais miniprice on os pc product ssd touch windows workstations xmg
155524,192tydx1m 2 2014 5ghz 6ghz australia cf cf2 g2 ghz hd intel mini p27k
950160,1866mhz 31wbl751m 500 7 ce cf computers dv7 dvd ebay gb ghz graphics hd i7 kit paypal pdw0au00601f phenom pro ram thinkpad xga
688017,19 4180 5 a amazon com i5 mgxc2ll t530 u3a24e
65431,86 core dual fujitsu i7 intel latitude nc6220 thinkpad x360
556962,15r 2 20cd00avus 4 500 60 ab core flexible for gb hd high hot intel laptop lease led netbook off premium ram screen small ssd win7 windows
16302,15r 3rd 512mb 6gb core dual ebay ebook hot response ssd techbuy thinkpad to webcam
65468,0 1024 15 200 6 600 7 a8 aspire cam dv4 for ghz in inch laptop led mini optiums product ssd
417730,60 8 amazon com core desktop ds71t i3 port
106450,2 320 4gb 8 accessories affichage android buy ebay gb genuine ghz intel laptop led lt1952p t60p us vista wholesale
32722,14 256 256gb 3g 640gb 8gb accessories aspire cf computer core ebay gb ghz hdd intel® laptop n2815 on p010nr pansonic price ram ssd total vology xp
950233,2014 53sslkk1m android cf core ddr3 ghz in intel ion multifunction office on pro ram win wintouch
745445,160 20as 31xflaarm 500gb a10 accessories amazon android athlon cf com hdd laptop lot n2500 on overstock pro product super tablet touchscreen vology webcam xfr
